g1_1,g1_2,g1_3,g1_4,g1_5,g1_6,g1_7,g1_8,g1_9,g1_10,g1_11,g1_12,g1_13,g1_14,g1_15,g1_16,g1_17,g1_18,g1_19,g1_20,g1_21,g2_1,g2_2,g2_3,g2_4,g2_5,g2_6,g2_7,g2_8,g2_9,g2_10,g2_11,g2_12,g2_13,g2_14,g2_15,g2_16,g2_17,g2_18,g2_19,g2_20,g2_21,c_1,c_2,c_3,c_4,c_5,c_6,c_7,c_8,c_9,c_10,c_11,c_12,c_13,c_14,c_15,c_16,c_17,c_18,c_19,c_20,c_21,c_22,c_23,c_24,c_25,c_26,c_27,c_28,target
4.5,1,3,4,5,1,1,4,6,0,-2,-2,2.505031882,2.551406376,6.24,3.608,0.744,1.216,0.003078009,0.003027555,0.578205128,1.83,6,0,6,7,4,0,0,1,4,-1,3,2.888736368,2.616855093,5.552,0.728,0.16,0.002993686,0.002952804,0.586148649,3.5,1.97,-1,7,6,0,0,0,1,3.22360538,1,-3,-2,0,1,4,2,1,-6,-5,-0.383704486,-0.065448716,0.584,0.488,0,-3.232,-1.944,-0.00794352,1.76,2
2.2,24,22,46,10,24,28,18,22,-4,-4,-8,3.718982912,3.882271077,7.423435427,5.048030084,0.836177766,1.975243811,0.78488174,0.019448215,0.680012662,2.8,34,14,48,10,25,16,16,24,9,-8,1,4.065821915,4.042014812,6.369384584,1.511703549,1.783791307,0.78488174,0.03337327,0.49894874,3.25,1.85,2,1,3,0,0,0,0,1.541039104,10,-12,-2,0,12,2,-3,4,-13,-9,-0.346839002,-0.159743735,-0.947613542,0.463540262,0,-5.342173685,-1.3213545,0.181063922,1.85,1
12,7,4,11,18,8,11,2,10,-3,-8,-11,2.244549643,2.458086506,11.09139882,5.853004538,0.730045972,2.022004486,0.043936934,0.014264234,0.527706616,1.3,11,18,29,2,13,3,16,1,10,15,25,4.918483461,4.050389058,10.02940788,2.489173795,0.204741018,0.022246834,0.042003598,0.567983544,5,1.7,-5,10,5,0,0,0,1,2.049023691,-11,-7,-18,7,-5,-1,-3,-18,-18,-36,-2.673933818,-1.592302552,0.525304955,-0.467169309,0,-6.566521004,-4.176403345,-0.040276928,2.05,2
1.91,8,5,13,14,6,7,6,9,-1,-3,-4,2.580190256,2.683091636,9.864426258,2.582356869,0.656637821,1.407548756,0.041562558,0.021386402,0.261784801,4.5,5,3,8,17,5,9,7,16,-4,-9,-13,1.964163214,2.278146789,3.369489175,0.665585254,2.163560894,0.043936934,0.01035796,0.273885516,3.6,1.98,-1,3,2,0,0,0,0,2.284502957,5,0,5,-10,0,-3,4,8,1,9,0.616027043,0.404944847,-1.506923074,0.741963502,0,-2.438119801,-0.787132305,-0.012100715,1.82,0
2.5,23,16,39,14,33,25,18,27,8,-9,-1,3.470616676,3.055989418,11.67296159,4.554560318,1.895739526,1.237122289,0.941241476,6.22E-05,0.390180357,3,29,23,52,8,31,22,21,23,9,-2,7,4.527830998,4.215283756,4.494986383,1.419174306,1.144727831,0.364775851,0.00814786,0.347567791,3.4,1.8,-3,2,-1,1,0,0,0,2.648417715,0,-13,-13,10,4,-4,-4,10,-18,-8,-1.057214321,-1.159294338,0.751011694,-0.182052018,0,-1.259728102,0.059573936,0.042612566,1.99,2
1.8,21,12,33,13,18,19,9,20,-1,-11,-12,3.007391209,2.845927371,8.128219721,2.512950493,0.740087407,1.257751913,0.660248573,0.006409333,0.309163701,4.5,19,3,22,19,21,22,10,32,-1,-22,-23,1.920624946,2.110175872,3.524742924,0.994413786,1.949743653,0.740406769,3.14E-05,0.257984083,3.5,2.1,1,0,1,0,0,0,0,1.999667622,18,-7,11,-14,9,-13,-1,21,-10,11,1.086766263,0.735751499,-1.209656246,0.263338127,0,-5.534417481,-1.011792431,0.051179619,1.73,2
1.8,12,19,31,16,20,26,21,20,-6,1,-5,3.224633463,3.00320134,13.15555458,6.386128883,1.304871383,1.343469095,0.716133348,2.91E-05,0.48543213,4.333,23,4,27,18,24,15,6,29,9,-23,-14,2.415932565,2.384963877,5.441707213,0.633225728,1.325966541,0.70380778,4.44E-06,0.541100867,3.4,1.9,3,-1,2,1,0,0,0,3.260267356,8,-4,4,-9,20,6,-4,17,-8,9,0.808700898,0.618237463,-0.021095157,0.710243367,0,3.098821085,0.94442167,-0.055668737,1.79,2
2.5,19,12,31,19,14,18,14,23,-4,-9,-13,2.883288635,2.9030363,8.323370058,3.867193565,0.898126647,1.671567276,0.723632059,0.004339483,0.464618723,2.88,29,11,40,8,28,19,14,21,9,-7,2,3.823724795,3.545259068,7.113424299,1.449026914,1.373742377,0.612541313,0.051560469,0.55254448,3.25,2.15,3,3,6,0,0,0,0,1.290766774,8,-17,-9,-7,4,-5,-5,3,-18,-15,-0.94043616,-0.642222768,-0.475615729,0.222540361,0,-4.550569617,-3.246230733,-0.087925757,1.68,1
6,17,10,27,8,13,6,14,15,7,-1,6,3.670745317,3.458114171,13.36751369,7.184053726,2.080814734,1.773299965,0.10805241,0.014625335,0.537426323,1.57,30,19,49,1,26,6,14,3,20,11,31,5,4.807217633,8.412596733,2.07200221,0.635367563,0.007226503,0.164474457,0.603107424,3.6,2,0,8,8,0,0,0,1,2.835859312,-2,-20,-22,10,-8,8,-11,-4,-21,-25,-1.329254683,-1.349103462,1.445447171,-0.298702245,0,-0.581239707,-1.228543007,-0.065681102,1.72,2
2.25,14,8,22,4,11,5,8,9,6,-1,5,3.490323259,3.173319033,11.47310473,6.381948371,1.37056068,0.993092768,0.026649097,0.031904762,0.556252952,3.1,14,4,18,9,12,3,5,10,9,-5,4,3.148980147,2.808705725,5.90671489,1.537828303,0.865690337,0.037062897,0.023992836,0.598966798,3.2,1.95,-1,2,1,0,0,0,0,1.253578591,10,-6,4,1,0,5,-3,11,-10,1,0.341343112,0.364613308,0.504870343,-0.544735535,0,1.611598369,0.475233481,-0.042713847,1.75,2
1.72,4,7,11,4,6,4,8,4,2,4,6,3.154233935,2.875927472,9.497024,5.473408,1.753728,1.10272,0.007226503,0.007828378,0.576328753,4.5,3,1,4,17,3,7,2,5,-4,-3,-7,2.19193974,2.412327795,3.644032,0.68384,1.771456,0.008188701,0.005461674,0.368566527,3.4,1.75,1,3,4,1,0,0,0,2.844120585,3,4,7,1,2,1,1,5,8,13,0.962294196,0.463599678,-0.017728,0.41888,0,-0.390016,1.829376,0.207762226,1.95,0
2.2,18,18,36,13,15,16,17,21,-1,-4,-5,3.428946743,3.296606312,8.523021003,4.305321403,0.682714302,0.789259011,0.50346051,0.002060102,0.505140302,3.2,20,14,34,15,21,24,16,22,-3,-6,-9,3.238103874,2.96406499,5.252333593,1.419537651,1.44553554,0.562626721,0.000149233,0.610892275,3.2,2.08,0,0,0,0,0,1,0,0,4,-2,2,-7,0,-7,0,5,-1,4,0.190842869,0.332541322,-0.762821239,-0.630278639,0,-0.074785532,-0.94701219,-0.105751973,1.68,1
1.25,40,31,71,2,34,11,20,10,23,10,33,5,4.895185593,14.95941007,8.666807782,1.790277906,1.345887172,0.009279014,0.818730753,0.579354917,13,21,13,34,16,22,25,12,23,-3,-11,-14,2.725399043,2.60473078,5.621594896,1.205990536,1.283208895,0.832374997,0.000889368,0.490332668,5.5,1.75,7,0,7,0,1,1,0,2.935620742,27,10,37,11,-1,-5,-12,34,13,47,2.274600957,2.290454813,0.507069011,0.139896636,1,3.494551084,3.045212886,0.089022249,1.99,1
1.16,30,20,50,3,37,10,19,7,27,12,39,5,4.871254061,13.45368658,5.152103309,2.222924094,1.289871005,0.014993494,0.217621057,0.382951043,13,14,15,29,9,12,15,11,10,-3,1,-2,3.443813609,3.244224153,3.727299542,1.1734777,1.318711507,0.182658153,0.012216106,0.327931387,7.5,1.44,4,0,4,0,1,0,0,0.895452338,15,6,21,27,-1,4,-5,26,15,41,1.556186391,1.627029908,0.904212587,0.116393305,0,2.087590827,1.424803767,0.055019656,2.75,1
1.62,14,7,21,8,12,9,9,12,3,-3,0,3.139858828,2.889700898,11.61667432,6.334360728,1.600351318,1.164390512,0.101083785,0.053664692,0.545281769,5.5,8,14,22,14,11,11,13,18,0,-5,-5,2.969151788,2.706426291,6.715097165,1.395665913,1.275089662,0.106858473,0.047358924,0.522504331,4,1.61,-1,0,-1,0,0,0,0,1.194883781,0,-1,-1,-6,-4,-2,1,8,-3,5,0.17070704,0.183274607,0.325261656,-0.2312754,0,-1.235079756,-0.380736437,0.022777438,2.24,2
1.53,21,18,39,16,18,19,22,35,-1,-13,-14,2.957507033,3.108512813,9.018278373,4.716223033,0.965519238,1.900563902,0.945959469,1.34E-06,0.522962681,6,7,8,15,20,12,37,13,30,-25,-17,-42,1.97270898,1.988739877,4.24222898,0.814725815,1.833947984,0.095634445,2.80E-14,0.530594641,3.8,1.95,2,-3,-1,0,0,0,0,2.455947858,13,11,24,-12,6,-15,23,16,12,28,0.984798053,1.119772936,-0.868428746,1.085838087,0,1.02304312,0.473994053,-0.007631961,1.78,1
1.91,4,4,8,16,5,9,4,8,-4,-4,-8,2.234432134,2.454604209,12.54659656,6.614250086,0.825115955,1.872949146,0.026030868,0.00615802,0.527174844,4.33,4,1,5,20,5,8,1,9,-3,-8,-11,1.929428904,2.232487853,6.37449513,0.386185626,1.693377946,0.02576112,0.00185476,0.556584913,3.3,1.96,-1,1,0,0,0,0,0,1.091317886,3,0,3,-4,8,-4,3,4,-1,3,0.30500323,0.222116357,-0.86826199,1.48676352,0,1.093725696,0.239754957,-0.029410069,1.82,1
2.5,15,8,23,19,15,14,17,37,1,-20,-19,2.361566368,2.216403593,11.88657483,3.667355937,1.187653489,1.543283539,0.604428303,0.002618902,0.308529243,3.1,14,18,32,13,15,19,14,16,-4,-2,-6,3.049213154,3.281544718,3.319677091,1.033735195,2.023882073,0.485671785,0.034047455,0.266596709,3.3,2.18,-2,-2,-4,0,0,0,0,3.749614452,-3,-6,-9,-1,0,-2,22,3,-16,-13,-0.687646786,-1.065141125,-0.836228584,0.509548344,0,-0.565480968,0.347678846,0.041932535,1.68,0
1.22,28,17,45,1,27,6,18,10,21,8,29,5,4.781695771,19.73046505,9.899465255,1.756051105,0.888099145,0.031904762,0.235746077,0.501735019,15,18,5,23,10,18,13,10,18,5,-8,-3,2.977215094,3.088576124,5.972851917,1.295104182,1.744275343,0.223006233,0.031904762,0.540922367,6,1.6,8,-9,-1,0,1,0,0,3.635474924,23,-1,22,9,-4,5,-8,29,3,32,2.022784906,1.693119648,0.011775762,-0.407005037,0,8.688488819,3.926613339,-0.039187348,2.23,1
6,19,8,27,17,20,19,6,24,1,-18,-17,2.520922053,2.610151046,9.746113277,4.817422526,0.813959913,1.654399675,0.726149037,1.85E-05,0.494291662,1.5,30,33,63,2,27,8,31,21,19,10,29,5,4.920899639,7.633723135,2.25302272,1.092683504,0.016551972,0.235746077,0.469632026,4,1.89,-8,3,-5,0,0,0,1,1.008543739,-14,-22,-36,-1,-12,-2,-3,-9,-37,-46,-2.479077947,-2.310748593,-0.278723591,-0.598623046,0,-6.508577031,-2.816300609,0.024659636,1.85,2
2.5,10,8,18,18,7,13,8,19,-6,-11,-17,2.204153136,2.306738966,7.45381689,3.14848948,0.97525819,1.794323159,0.323527157,0.00644146,0.422399628,2.5,19,13,32,10,17,13,12,12,4,0,4,3.782770112,3.495757522,6.031784641,1.238540226,1.016827075,0.229415107,0.076535545,0.478918661,3.2,1.9,1,2,3,0,0,1,0,1.61809267,-3,-11,-14,-5,1,-5,2,-6,-15,-21,-1.578616976,-1.189018557,-0.041568886,0.555782933,0,-5.140774066,-2.883295161,-0.056519033,1.7,0
3.5,33,11,44,11,26,17,12,37,9,-25,-16,3.13973738,3.040313708,11.93141281,7.390338492,1.035195119,1.122238064,0.751074824,0.001526161,0.619401793,2.1,44,28,72,3,44,15,34,24,29,10,39,4.405177985,4.200503703,8.031875447,1.255423958,1.044659382,0.003846639,0.831104284,0.573959192,3.4,1.8,-1,7,6,0,0,0,1,3.22360538,5,-33,-28,2,-17,-3,-7,-1,-54,-55,-1.265440605,-1.160189995,-0.009464263,-0.133185894,0,-2.062396437,-0.641536955,0.045442601,1.96,1
1.444,30,28,58,3,30,13,22,16,17,6,23,2.841957207,2.862550063,14.8754048,7.152732672,1.250642432,1.8244608,0.019052527,0.324652467,0.480842893,7.5,26,11,37,13,29,23,11,20,6,-9,-3,3.680189466,3.283351137,6.146121822,1.905421052,1.568282911,0.534073279,0.001023016,0.58095079,4,1.65,9,-5,4,0,1,0,0,2.900287769,19,2,21,10,2,-1,-13,26,0,26,-0.83823226,-0.420801074,-0.317640479,-0.080960252,0,4.295985806,1.00661085,-0.100107897,2.05,1
1.95,6,4,10,17,7,8,3,14,-1,-11,-12,2.167364111,2.283050564,9.442858803,6.403183785,0.608159269,1.699232707,0.056134763,0.009232735,0.678098012,4,7,2,9,19,9,10,7,13,-1,-6,-7,2.284279769,2.300955514,5.809991515,1.075101414,1.463683171,0.055360503,0.006188887,0.51691518,3.4,1.86,3,-1,2,0,0,0,0,1.412427843,4,-3,1,-6,1,-7,5,5,-10,-5,-0.116915658,-0.01790495,-0.855523902,0.624131293,0,-1.796879818,0.59319227,0.161182832,1.93,1
3.3,21,30,51,3,18,12,22,12,6,10,16,3.315516232,2.884138897,7.69504,4.16896,0.81472,0.1024,0.065874754,0.429557358,0.541772362,2.25,23,26,49,4,21,7,23,8,14,15,29,4.773690786,4.836236712,9.041660022,0.983521422,0.886991861,0.065874754,0.429557358,0.554988208,3.3,2.18,0,9,9,1,0,0,1,1.980927679,-5,7,2,10,-11,15,-9,-9,-4,-13,-1.458174554,-1.952097815,-0.072271861,-0.881121422,-1,-8.596585456,-4.872700022,-0.013215846,1.62,2
1.57,19,17,36,6,17,12,18,14,5,4,9,3.978082877,3.630599271,12.69807518,7.544863341,1.579905397,1.217511168,0.127294752,0.045730034,0.594173781,6.5,15,14,29,10,19,17,12,9,2,3,5,3.503238663,3.381954999,8.275400685,1.409000821,1.203411695,0.19647458,0.030653758,0.596291294,4.2,1.71,2,-2,0,0,0,0,0,2.041198757,5,2,7,8,0,1,-5,2,2,4,0.474844214,0.248644272,0.376493702,-0.191489653,0,-1.180042402,-0.730537343,-0.002117513,2.12,0
3,11,2,13,19,15,19,8,21,-4,-13,-17,1.939403784,2.002140661,6.857990426,3.588893706,0.830041206,1.774374247,0.254919988,0.000426457,0.523315648,2.5,22,11,33,7,17,9,12,18,8,-6,2,3.695043458,3.640485709,7.576844465,1.048756527,1.465657352,0.127294752,0.07730474,0.584496259,3.4,1.82,1,1,2,0,0,0,0,1.464250056,0,-20,-20,-3,7,-1,4,2,-21,-19,-1.755639674,-1.638345048,-0.635616146,0.72561772,0,-6.105042858,-3.987950759,-0.061180611,1.97,1
1.667,7,1,8,7,6,2,1,3,4,-2,2,2.840510567,2.671758593,6.009216,3.38464,0.94624,0.69184,0.007936761,0.006839778,0.563241528,4.5,6,2,8,16,5,2,3,5,3,-2,1,2.82971425,2.5352141,3.209536,1.2784,0.763392,0.008188701,0.005461674,0.478210703,3.4,1.9,1,1,2,0,0,0,0,2.20117536,5,-5,0,1,-1,-1,-2,6,-5,1,0.010796317,0.136544492,0.182848,-0.58656,0,-0.702336,0.175104,0.085030825,1.7,1
5,11,13,24,20,19,43,19,36,-24,-17,-41,1.272641337,1.396847993,10.73929324,6.3925482,1.209974745,2.562993959,0.65367899,1.52E-08,0.595248501,1.7,30,22,52,7,25,14,22,25,11,-3,8,4.794096947,4.273639416,6.755867321,2.306063932,1.102295362,0.364775851,0.005946217,0.530130543,3.75,1.66,0,1,1,0,0,0,0,1.191311141,-11,-17,-28,-6,21,5,11,-21,-28,-49,-3.521455609,-2.876791423,0.107679383,0.256930027,0,-2.004487347,-0.363319121,0.065117958,2.14,0
1.75,15,13,28,4,18,3,9,6,15,3,18,4.585048476,3.734531206,14.86942056,5.596668801,2.309323952,0.34693605,0.022246834,0.043066924,0.376387821,5.25,14,10,24,5,9,4,9,4,5,5,10,3.672347786,3.379841256,5.035246658,1.447508619,0.866372215,0.031047958,0.036699212,0.329956126,3.8,1.8,9,1,10,0,0,1,1,0.174634455,5,-1,4,14,-6,5,-3,10,-2,8,0.91270069,0.35468995,1.442951737,-1.10057257,0,-0.39093155,0.561422143,0.046431695,2.01,1
2.25,12,17,29,8,17,14,7,5,3,2,5,3.638245165,3.230852008,13.29872249,8.708752677,1.762110038,0.823004949,0.131098602,0.025991129,0.654856335,3.1,22,18,40,3,13,10,10,7,3,3,6,4.225522118,3.972293871,3.980431286,0.98604199,0.92610324,0.026913187,0.196911675,0.502852885,3.2,2.05,7,-2,5,0,0,0,0,3.432563319,-6,-5,-11,10,4,-3,-8,0,-1,-1,-0.587276953,-0.741441863,0.836006798,-0.163037041,0,5.383025071,4.72832139,0.15200345,1.65,1
2.7,0,1,1,18,0,2,0,2,-2,-2,-4,2.282527675,2.402653354,4.768,0.976,0,0.576,0.003088715,0.002060102,0.204697987,3,4,3,7,6,2,1,1,0,1,1,2,2.8465,2.6491,1.328,0.488,0.2,0.002831905,0.002952804,0.249249249,3.1,2.6,1,1,2,0,0,0,0,2.500088655,-3,-3,-6,0,1,-1,0,-3,-3,-6,-0.563972325,-0.246446646,-0.2,0.088,0,-0.56,-0.352,-0.044551263,1.49,1
1.44,32,18,50,3,26,5,20,13,21,7,28,4.889202082,4.742386,14.01973942,4.591738167,1.52789973,0.829318215,0.026248698,0.324652467,0.327519509,7.5,20,12,32,12,16,15,14,21,1,-7,-6,3.22728574,2.978093901,3.867950652,1.15180898,1.03839865,0.389760737,0.005407329,0.369525263,5,1.65,3,-4,-1,1,1,0,0,2.523718712,20,-2,18,5,-9,5,-3,28,6,34,1.661916342,1.764292099,0.48950108,-0.322490765,0,3.552388357,0.723787515,-0.042005754,2.23,1
8,8,3,11,20,7,7,4,17,0,-13,-13,2.012359502,2.158277885,8.190243194,4.738667164,0.391875556,1.309921753,0.138742041,0.000252273,0.578574659,1.4,17,13,30,3,18,6,11,9,12,2,14,4.172848874,3.8648831,5.86311336,1.566006126,1.032188647,0.091464391,0.053397038,0.496502052,4.2,1.88,-3,3,0,0,0,0,1,0.307846768,-5,-14,-19,-2,-4,-2,-1,-2,-25,-27,-2.160489372,-1.706605215,-0.64031309,-0.256084373,0,-3.618596951,-1.124446196,0.082072607,1.83,2
3.1,31,20,51,7,30,23,20,22,7,-2,5,4.507501086,4.192139788,12.84886739,6.91111073,1.270426463,0.963103412,0.60653066,0.034047455,0.537877038,2.38,45,26,71,2,39,13,30,19,26,11,37,4.886039817,4.935754083,9.618398749,1.974474592,1.16089636,0.03555034,0.782704538,0.558240532,3.25,1.78,-2,9,7,0,0,0,1,3.396010297,5,-25,-20,11,-7,7,-17,-4,-28,-32,-0.378538732,-0.743614295,0.109530103,-1.01137118,0,-4.380979244,-2.707288019,-0.020363494,2,1
2.25,1,0,1,16,1,1,1,3,0,-2,-2,2.359434941,2.460686988,3.456,1.48,0.288,0.648,0.003088715,0.002725782,0.428240741,3.1,6,0,6,9,5,1,1,4,4,-3,1,2.7906875,2.5371775,3.88,1.048,0.672,0.003046113,0.002579912,0.714285714,3.2,1.85,1,-1,0,0,0,0,0,2.998191698,1,-6,-5,-3,0,0,-2,3,-6,-3,-0.431252559,-0.076490512,-0.384,-0.4,0,-1.976,-2.4,-0.286044974,1.85,1
2.6,9,4,13,13,10,8,5,11,2,-6,-4,2.709043549,2.789031836,9.964837376,4.953917604,0.831331881,1.503513825,0.032999925,0.012778388,0.497139834,2.8,5,10,15,11,6,11,9,8,-5,1,-4,2.777457407,2.549238553,5.079177626,1.081563484,1.110787031,0.032999925,0.012778388,0.53532935,3.25,1.94,-6,4,-2,0,0,1,0,3.559701007,-1,-1,-2,2,-1,-6,5,1,-1,0,-0.068413858,0.239793283,-0.27945515,0.421950341,0,0.476888269,-0.125260022,-0.038189515,1.8,2
3.3,15,4,19,12,11,7,6,23,4,-17,-13,2.452721274,2.467346035,9.809605458,5.185466367,0.686220671,1.227122569,0.131171454,0.026782676,0.528611104,2.2,18,12,30,7,24,8,14,14,16,0,16,4.270798137,3.857978314,9.935962446,2.154691823,1.01201984,0.088909268,0.058134267,0.559818311,3.4,1.81,-3,4,1,0,0,0,0,3.223252124,3,-14,-11,-3,-7,-2,-1,4,-33,-29,-1.818076864,-1.390632279,-0.325799169,-0.927569253,0,-7.938943051,-4.75049608,-0.031207207,1.93,2
1.44,14,16,30,7,18,10,14,8,8,6,14,4.049193716,3.592009755,14.3479093,9.173558256,1.929420024,0.99044929,0.099758801,0.053397038,0.639365504,7,16,4,20,15,12,12,8,14,0,-6,-6,2.64345514,2.582815015,7.695839803,1.110384326,1.379004511,0.16220588,0.007226503,0.504806085,4.5,1.62,12,-5,7,0,1,1,0,3.740259591,10,0,10,4,2,2,-4,14,6,20,1.405738576,1.009194741,0.550415512,-0.119935037,1,-0.897231426,1.477718454,0.134559419,2.27,1
2,26,13,39,11,23,20,14,30,3,-16,-13,3.112779134,3.129677534,10.25495976,3.246388765,0.912015264,1.486901236,0.843664817,0.001466319,0.316567675,3.6,22,16,38,14,18,27,26,32,-9,-6,-15,2.92448156,2.897145665,3.852356899,1.08178843,1.481614198,0.90433487,0.000699601,0.315102744,3.5,1.87,0,0,0,0,0,1,0,2.650904359,10,-9,1,-9,-6,-13,12,9,-7,2,0.188297574,0.23253187,-0.569598934,0.405112805,0,-1.970756986,-0.605968134,0.00146493,1.94,0
4.5,17,13,30,19,17,18,22,39,-1,-17,-18,2.699332173,2.445935415,13.38082627,3.665951355,1.226728236,1.03995452,0.873230649,3.70E-05,0.273970477,1.8,31,29,60,4,24,11,32,23,13,9,22,4.891740774,4.900016323,5.961795814,2.006345401,1.287438145,0.060675079,0.396531419,0.389517338,4,1.73,-7,8,1,0,0,0,1,3.594845806,-12,-18,-30,-6,-14,11,15,-10,-30,-40,-2.192408601,-2.454080908,-0.060709908,-0.966390881,0,-1.924771808,-2.29584446,-0.115546861,2.09,0
1.9,21,27,48,8,20,22,19,21,-2,-2,-4,2.808847096,2.769031772,11.27218654,4.977152334,0.97402887,1.444505477,0.272948479,0.001017914,0.441542758,3.6,21,18,39,16,18,18,19,29,0,-10,-10,3.198572105,3.174749154,5.47699811,0.995154761,1.477663871,0.90433487,5.84E-06,0.57625619,3.25,2.03,-3,-3,-6,0,0,0,0,1.292412737,3,6,9,-9,3,1,3,8,-2,6,-0.389725009,-0.405717383,-0.503635001,0.449350716,0,1.76773659,-0.499845776,-0.134713431,1.72,1
1.75,20,13,33,8,16,10,16,15,6,1,7,3.709423908,3.670857789,11.44503516,3.894106206,1.176553885,1.138200915,0.154616789,0.065546203,0.340244145,5.25,9,10,19,17,10,12,10,15,-2,-5,-7,2.530299082,2.453078992,3.111706725,0.778699978,0.958832125,0.2780373,0.003088715,0.259711282,3.75,2.11,5,3,8,0,0,1,0,2.251303014,10,4,14,1,0,4,5,11,3,14,1.179124826,1.217778797,0.21772176,0.359500937,0,-0.536372429,0.782399481,0.080532863,1.72,1
1.95,19,13,32,20,23,27,17,36,-4,-19,-23,2.502095238,2.636584866,11.23396254,6.367945852,1.037551559,2.140159267,0.950041131,0.000219315,0.566847702,3.8,27,11,38,16,21,15,20,40,6,-20,-14,3.076474611,2.96262882,5.342146192,0.782020482,1.226857447,0.976801108,0.000717312,0.445649952,3.6,1.78,5,-1,4,0,0,0,0,3.349510337,8,-14,-6,-17,7,2,15,16,-25,-9,-0.574379372,-0.326043955,-0.189305888,1.358138785,0,-0.7533521,1.02579966,0.12119775,2.01,0
3.3,29,28,57,8,24,13,24,26,11,-2,9,4.592076271,4.714769104,13.34008417,6.928271885,0.694613523,1.278192404,0.135335283,0.02612141,0.519357434,2.1,20,13,33,19,22,31,15,29,-9,-14,-23,2.38149266,2.045450242,6.8780475,1.431536345,1.320553323,0.969233234,2.25E-06,0.573663762,3.6,1.94,0,2,2,0,0,0,0,1.081596407,16,8,24,-5,-2,-7,4,25,7,32,2.210583612,2.669318861,-0.625939799,-0.153343941,0,1.350399689,0.050224384,-0.054306328,1.8,2
1.72,16,12,28,10,13,8,14,15,5,-1,4,3.476506175,3.266574809,9.692709764,5.338785744,1.247798228,1.074684466,0.245060539,0.014264234,0.550804251,5,11,7,18,18,10,12,13,22,-2,-9,-11,2.44513504,2.363547997,5.612534763,1.11181512,1.489963576,0.323527157,0.000345679,0.569006121,3.4,1.9,5,-4,1,0,0,0,0,2.969494736,9,1,10,-9,-5,2,5,14,1,15,1.031371136,0.903026813,-0.242165348,-0.037130654,0,-0.171041347,-0.273749019,-0.01820187,1.79,1
1.9,0,1,1,5,0,1,1,1,-1,0,-1,2.431308411,2.486261682,4.36,2.36,0.16,0.36,0.002179909,0.002144176,0.541284404,4.33,1,0,1,12,1,1,1,2,0,-1,-1,2.43,2.486,1.6,0.36,0.56,0.002187491,0.001930454,0.481927711,3.1,1.95,1,5,6,0,0,0,0,1.060621275,0,0,0,-2,0,0,0,0,0,0,0.001308411,0.000261682,-0.4,0,0,1.04,0.76,0.059356693,1.75,1
2.05,14,20,34,16,16,22,18,20,-6,-2,-8,2.983652888,3.090467767,12.54356206,4.023739737,1.156217936,1.849782097,0.823749427,0.003606563,0.320781268,3.6,17,11,28,17,19,22,13,32,-3,-19,-22,2.52313955,2.363464867,1.883576144,0.678305915,1.181200606,0.835270211,0.000186888,0.220435129,3.4,2.14,1,0,1,0,0,0,0,1.855126124,3,3,6,-16,9,-4,1,13,1,14,0.460513338,0.727002901,-0.02498267,1.171476182,0,3.998752754,2.140163593,0.100346138,1.7,1
5.75,10,6,16,20,14,35,13,37,-21,-24,-45,0.742653166,1.100058,9.760677254,2.869141726,0.95280148,2.613387644,0.364775851,1.52E-08,0.293949042,1.65,25,8,33,19,27,23,12,41,4,-29,-25,2.660500879,2.289243533,4.130296831,1.36044851,1.349729591,0.991563566,2.53E-05,0.436551172,4.2,1.86,1,5,6,0,0,0,0,2.480377518,2,-19,-17,-27,23,-10,10,8,-28,-20,-1.917847713,-1.189185533,-0.396928111,1.252939134,0,0.299479816,-1.261155106,-0.14260213,1.94,0
2.3,21,10,31,15,20,20,13,29,0,-16,-16,2.555184341,2.772816313,9.022389622,4.057009184,0.832275962,2.099395301,0.790131766,5.11E-06,0.449660163,3,27,17,44,7,26,21,11,23,5,-12,-7,3.64249742,3.539514266,3.746305421,1.364636102,1.565829846,0.34338985,0.002579912,0.497339454,3.25,2,-2,1,-1,0,0,0,0,1.298734645,4,-17,-13,-3,9,-8,3,12,-21,-9,-1.08731308,-0.766697953,-0.733553884,0.734759199,0,1.489696635,0.310703763,-0.047679292,1.71,1
4.33,10,6,16,18,12,17,6,20,-5,-14,-19,1.902553672,2.018142545,8.515964458,4.252459723,0.703640739,1.825092678,0.2780373,0.000296045,0.499351511,1.66,25,9,34,6,20,8,14,13,12,1,13,4.220751244,3.85494093,7.405822267,1.560114883,0.771694721,0.079382906,0.090265496,0.496114315,3.4,1.95,-5,3,-2,0,0,0,1,4.345394015,1,-19,-18,-1,3,-2,0,-6,-26,-32,-2.318197572,-1.836798385,-0.068053982,0.264977795,0,-6.411688397,-3.153362544,0.003237197,1.75,2
1.95,19,13,32,11,18,17,13,25,1,-12,-11,2.959239793,3.086632838,9.67624435,2.978896792,1.117473574,2.106628838,0.385882553,0.010834714,0.307856714,4.5,11,11,22,17,9,17,4,19,-8,-15,-23,1.942874474,2.258898584,2.631962462,0.43296039,1.886691481,0.546074427,0.000581442,0.280976,3.5,2.27,5,1,6,0,0,0,0,2.480377518,8,2,10,-1,13,-4,16,16,-4,12,1.01636532,0.827734254,-0.769217908,1.673668448,0,0.309029834,0.346934331,0.026880715,1.62,1
2.5,4,1,5,19,4,5,2,8,-1,-6,-7,2.160273051,2.396742065,6.603397632,3.03580672,0.260571136,1.262531072,0.019772322,0.00467746,0.459734047,2.75,7,5,12,10,7,7,2,4,0,-2,-2,2.741803208,2.601887498,5.497818624,0.88802304,0.899303936,0.017509705,0.012034232,0.477850215,3.2,2.07,5,-1,4,1,0,1,0,3.349510337,-1,-6,-7,0,3,-5,1,1,-6,-5,-0.581530157,-0.205145433,-0.6387328,0.374508032,0,-4.901920256,-2.462011904,-0.018116167,1.65,1
2.5,11,10,21,19,10,20,8,13,-10,-5,-15,2.49966039,2.366585221,10.06251783,6.147400073,0.987606407,1.272811358,0.277073567,0.015607558,0.610920664,2.88,14,8,22,19,14,14,8,10,0,-2,-2,2.887241236,2.634997734,5.841496567,1.235284585,0.948168924,0.277073567,0.024723526,0.545010329,3.25,2.25,-1,4,3,0,0,0,0,3.195639606,3,-4,-1,0,12,-6,-1,-8,-5,-13,-0.387580846,-0.268412513,0.039437483,0.037526773,0,-0.655621362,0.305903506,0.065910335,1.62,0
2.4,0,4,4,15,0,4,2,0,-4,2,-2,2.495300885,2.464228319,2.872,0.76,0.4,0.64,0.003078009,0.002579912,0.264623955,3.3,3,0,3,19,3,2,0,1,1,-1,0,2.572481982,2.469053514,2.784,0.6,0.416,0.003088715,0.002060102,0.46031746,3.25,2.17,1,-2,-1,0,0,0,0,4.057491154,0,1,1,-1,4,0,-3,-3,1,-2,-0.077181097,-0.004825195,-0.016,0.04,0,-3.176,-2.024,-0.195693505,1.7,2
2.25,8,7,15,4,5,2,3,3,3,0,3,3.168480247,2.961075379,6.348928,3.0729472,0.73211904,0.64384,0.012586394,0.012462888,0.484010403,3.1,8,0,8,15,6,3,2,9,3,-7,-4,2.468215666,2.465781341,4.4711424,0.84610304,1.19447808,0.014920786,0.006409333,0.49772786,3,1.95,-1,1,0,0,0,0,0,0.037325318,8,-1,7,-4,0,0,-3,10,-3,7,0.700264581,0.495294037,-0.46235904,-0.20226304,0,-2.63417856,-1.3981952,-0.013717457,1.75,0
2.25,6,1,7,11,5,3,0,1,2,-1,1,2.805471302,2.62480689,8.5296,2.71552,0.65792,0.49184,0.00579216,0.004991594,0.318364284,3.25,4,6,10,4,3,2,5,3,1,2,3,2.991924721,2.745984328,5.79936,1.03104,0.67232,0.005653075,0.005713063,0.6299927,3.2,2.11,1,4,5,0,0,1,0,1.426319213,0,-3,-3,2,-2,-2,-2,0,-2,-2,-0.186453419,-0.121177438,-0.0144,-0.5392,0,-0.67584,-3.08384,-0.311628416,1.65,1
1.2,18,20,38,4,22,7,17,11,15,6,21,4.837562343,4.167958208,15.87921592,9.836311841,2.309371231,0.824974516,0.072550513,0.074273578,0.619445689,15,7,3,10,19,8,16,8,17,-8,-9,-17,1.832497733,1.860831962,7.102910604,0.938527354,1.477108805,0.174644989,0.000303539,0.542186829,6.5,1.47,1,0,1,1,1,0,0,0.049460735,15,13,28,5,-1,1,3,24,14,38,3.005064611,2.307126246,0.832262427,-0.113552838,0,2.778730573,2.733401237,0.07725886,2.6,2
2,18,12,30,19,21,27,16,26,-6,-10,-16,2.617220752,2.763975324,8.975575104,4.482421181,0.663056142,1.510900678,0.873230649,0.000206543,0.499402114,3.75,24,13,37,14,23,25,12,25,-2,-13,-15,2.806964827,2.695135037,5.397820733,0.931833943,1.221253693,0.894715042,0.002851244,0.467849722,3.5,1.98,2,0,2,0,0,1,0,4.216224983,5,-12,-7,-4,15,-9,3,7,-8,-1,-0.189744075,0.068840287,-0.55819755,0.579066735,0,-2.561934646,-0.915399553,0.031552392,1.77,0
4.33,12,5,17,13,19,8,10,14,11,-4,7,3.390090853,3.131323052,11.69923641,7.430518445,1.764203748,1.350840559,0.070759235,0.011678567,0.635128497,1.83,16,12,28,5,18,4,8,6,14,2,16,4.344341147,3.770902906,9.968079705,1.805542632,0.569818491,0.050175811,0.051560469,0.636508932,3.6,1.71,1,-1,0,1,0,0,1,0.093252281,0,-11,-11,13,0,6,-4,9,-18,-9,-0.954250294,-0.639579854,1.194385257,-0.454702074,-1,-3.961313192,-2.537561259,-0.001380435,2.04,2
1.67,33,18,51,6,26,11,14,17,15,-3,12,4.78768645,4.512657606,16.02501819,4.356739466,1.123660504,0.981692663,0.106266461,0.131993843,0.271871109,6,17,12,29,15,25,21,12,20,4,-8,-4,2.829363552,2.829657486,4.044023504,1.502674136,1.636015228,0.646456092,0.001459006,0.310798702,3.9,1.49,2,-2,0,0,0,1,0,2.041198757,21,1,22,6,-1,-7,-8,23,-7,16,1.958322898,1.683000119,-0.512354724,-0.520981474,0,3.013305231,0.312715962,-0.038927594,1.92,1
1.44,21,19,40,8,20,19,15,16,1,-1,0,3.863671067,3.740989119,11.60096144,3.475303369,1.349200111,1.220848247,0.305364236,0.022708863,0.299570289,6.5,17,8,25,17,16,31,9,24,-15,-15,-30,1.686857781,1.830017532,2.774696487,0.865745511,2.274215268,0.666976811,0.000149233,0.279429777,4.5,1.9,1,1,2,0,0,0,0,1.549083241,13,2,15,-4,10,-16,0,16,14,30,2.176813286,1.910971587,-0.925015158,0.355102736,0,1.671108866,0.700606882,0.020140512,1.9,1
1.19,37,32,69,1,45,9,29,10,36,19,55,4.915375804,4.944195353,18.10481797,7.334812475,2.337537646,0.944094847,0.000657397,0.546074427,0.405130418,13,21,14,35,8,19,15,19,20,4,-1,3,3.772526785,3.597016924,3.481229177,1.341102957,1.091880801,0.385882553,0.001194533,0.323623018,6.5,1.38,2,0,2,0,1,0,0,1.365204159,23,11,34,25,-10,14,-9,37,15,52,1.14284902,1.347178429,1.245656846,-0.39700811,0,7.347767372,3.853583298,0.0815074,2.99,1
1.2,22,26,48,3,21,7,23,8,14,15,29,4.8895157,4.851873193,17.11453182,9.802075027,1.229401778,1.108739827,0.049039024,0.379083038,0.572734044,19,12,16,28,12,13,25,18,21,-12,-3,-15,2.573017426,2.817581414,7.272839143,0.986760748,2.257374342,0.393841964,0.030500872,0.641406669,6,1.6,4,-4,0,0,1,0,0,2.271325133,6,14,20,0,-11,-2,-5,17,27,44,2.316498274,2.034291779,-1.027972564,0.121979079,0,5.775642626,2.529235884,-0.068672624,2.22,0
1.72,25,13,38,11,24,21,17,24,3,-7,-4,3.446226518,3.131768871,12.11314184,6.200431289,1.113405746,0.916588126,0.477047654,0.000243596,0.511876388,5,27,11,38,11,23,13,11,24,10,-13,-3,3.528325548,3.30109564,4.508479342,1.334360532,1.458670276,0.513131967,0.003135395,0.490439646,3.4,1.95,5,1,6,1,0,0,0,2.480377518,14,-14,0,0,10,4,1,16,-17,-1,-0.082099029,-0.169326769,-0.345264529,-0.417772406,0,2.920411645,1.691951947,0.021436742,1.75,2
2.25,6,10,16,3,4,5,5,1,-1,4,3,3.293963812,2.844718097,7.7448832,4.224896,0.9008768,0.3571712,0.008385511,0.009279014,0.545508033,3.1,5,5,10,9,2,2,2,1,0,1,1,2.770096899,2.709423985,4.0660096,0.3022848,0.3343488,0.009803655,0.007409443,0.484366876,3.2,2,-2,7,5,0,0,0,0,3.432563319,1,5,6,3,3,3,-1,-2,4,2,0.523866913,0.135294112,0.566528,0.0548864,0,-0.6496,0.1588864,0.061141157,1.71,2
4.75,5,1,6,19,7,7,6,18,0,-12,-12,1.979748208,2.113500205,10.18200484,3.760808858,1.272033731,2.245931295,0.033577842,0.005599937,0.369358384,1.8,10,7,17,11,12,9,6,4,3,2,5,3.205858288,2.865099636,4.185508045,1.668810793,0.92040831,0.030046773,0.018592444,0.34856815,3.8,1.97,-2,1,-1,0,0,1,0,4.008568057,-2,-9,-11,3,1,-3,6,-2,-15,-17,-1.22611008,-0.751599431,0.351625421,0.577120502,0,-1.825713152,-0.424699187,0.020790235,1.84,2
1.72,5,6,11,8,7,7,6,6,0,0,0,2.837422707,2.707927523,8.66432512,3.15653632,1.30545664,1.28713984,0.014114459,0.006409333,0.364314159,4.2,6,0,6,17,9,11,1,10,-2,-9,-11,2.121200118,2.38498033,3.2457856,0.83750144,2.36144896,0.014920786,0.002952804,0.316257062,4,1.4,1,1,2,0,0,0,0,3.66929267,5,0,5,-3,6,-5,-3,9,2,11,0.716222589,0.322947193,-1.05599232,0.4496384,0,-1.59879936,-0.08924928,0.048057097,3,0
2.2,10,5,15,17,10,11,6,9,-1,-3,-4,2.484090509,2.584978032,10.40057126,5.914723409,0.844984696,1.467800673,0.110250525,0.030653758,0.568692167,3.4,16,7,23,9,10,5,10,13,5,-3,2,3.300233102,3.016710708,7.763564188,1.489506143,1.176807279,0.101083785,0.053664692,0.561606663,3.25,2.23,1,-1,0,0,0,0,0,3.631841351,3,-11,-8,-3,1,1,-1,2,-8,-6,-0.816142593,-0.431732675,-0.331822583,-0.02170547,0,-3.423275032,-1.848840779,0.007085504,1.62,0
1.16,15,16,31,4,12,3,10,6,9,4,13,4.212722851,3.612001877,12.56622936,6.256069761,1.607123076,0.280389735,0.028868623,0.064570347,0.49784781,21,11,2,13,18,7,7,8,22,0,-14,-14,2.01202273,2.181941416,6.788540705,0.933838921,2.083109383,0.088613397,0.003027555,0.505477814,6.5,1.66,8,-9,-1,0,1,0,0,3.635474924,13,5,18,-10,-5,3,-1,23,4,27,2.200700121,1.430060461,-0.475986307,-0.653449186,0,-0.863718534,-0.532470944,-0.007630005,2.1,1
1.14,43,44,87,1,53,13,40,12,40,28,68,5,4.978696917,17.09258672,5.974778465,2.539689175,1.05841984,0.000110417,0.923116346,0.34955379,23,21,12,33,17,16,20,11,26,-4,-15,-19,2.682933583,2.600919253,3.29962166,1.052611724,1.23471689,0.923116346,1.24E-06,0.388203115,9,1.4,7,-3,4,0,1,0,0,2.529439254,31,23,54,27,2,20,-4,55,32,87,2.317066417,2.377777665,1.304972285,0.005808116,0,8.59285672,2.675156805,-0.038649325,2.89,1
3.25,16,8,24,15,11,19,8,27,-8,-19,-27,1.773406207,2.124782481,6.954374037,2.10371431,0.43287786,2.204993955,0.546074427,2.19E-05,0.302502324,2.25,18,13,31,10,18,19,12,18,-1,-6,-7,3.501456112,2.959442739,3.86944,1.37664,0.51232,0.516564275,0.000183188,0.446215728,3.2,2.27,0,2,2,0,0,0,0,2.919722242,3,-10,-7,-7,7,-11,9,-2,-18,-20,-1.728049905,-0.834660258,-0.07944214,0.828353955,0,-1.717305963,-1.76572569,-0.143713403,1.63,1
2.63,2,4,6,20,5,12,6,10,-7,-4,-11,2.056662804,2.20858161,8.540858913,3.482783953,0.880937079,1.803807068,0.038774208,0.003906943,0.407779123,2.88,4,7,11,15,8,10,9,11,-2,-2,-4,2.525970415,2.659046843,3.986996126,1.36294697,2.092509323,0.043936934,0.014264234,0.321855271,3.4,1.89,1,-2,-1,0,0,0,0,3.857260702,-5,0,-5,-6,3,-4,2,-5,-2,-7,-0.46930761,-0.450465234,-1.211572244,0.440860099,0,-3.846684459,-0.504212173,0.085923852,1.91,1
2.8,14,7,21,6,9,4,6,7,5,-1,4,3.356839185,3.187224867,10.48875026,5.14078896,1.003462935,0.825744523,0.036878045,0.021068,0.490124069,2.5,13,12,25,7,8,4,7,4,4,3,7,3.731380589,3.140849824,7.39474793,1.491300573,0.365953024,0.039667533,0.018224289,0.595541752,3.1,2.16,3,10,13,0,0,0,1,0.762323236,2,-6,-4,5,-3,2,-1,2,-5,-3,-0.374541404,0.046375043,0.637509911,-0.66555605,0,-1.928091903,-2.253958971,-0.105417682,1.61,2
1.53,8,7,15,5,6,4,7,10,2,-3,-1,2.854183935,2.860883105,12.51086105,6.915189514,1.149556531,1.652625818,0.031216591,0.020650825,0.552734899,6.5,12,3,15,16,7,3,4,9,4,-5,-1,2.847625166,2.680020208,5.036267663,0.989947945,1.095237059,0.033577842,0.014625335,0.439035411,4,1.8,9,-1,8,0,1,0,0,3.565363819,5,-5,0,-3,0,4,3,7,-7,0,0.006558769,0.180862898,0.054319473,0.662677873,0,1.039650427,1.878921851,0.113699488,1.97,0
1.83,23,11,34,18,23,25,17,38,-2,-21,-23,2.688490821,2.568005604,12.85540823,6.871674059,1.157826039,2.078170471,0.995012479,6.08E-06,0.534535655,4.2,28,16,44,14,23,18,11,32,5,-21,-16,3.305483628,3.209921651,3.796236583,0.854350682,1.315254708,0.751074824,0.00033379,0.447031901,3.75,1.87,0,1,1,0,0,1,0,2.442228304,7,-17,-10,-9,14,-1,15,19,-26,-7,-0.616992807,-0.641916046,-0.157428669,1.223819789,0,4.363314993,3.075437476,0.087503754,1.9,1
2,32,4,36,15,27,20,14,34,7,-20,-13,2.693696764,2.72913935,8.500191833,4.037031415,0.949014155,1.957615936,0.696804775,8.92E-05,0.474934154,3.75,25,19,44,11,20,18,17,24,2,-7,-5,3.745856587,3.560869665,3.518927717,0.771551822,0.775744393,0.42263346,0.001415886,0.445703368,3.25,2.05,4,1,5,0,0,0,0,0.258307198,13,-21,-8,3,3,-4,14,14,-22,-8,-1.052159823,-0.831730315,0.173269762,1.186064114,0,0.604968311,0.518103698,0.029230785,1.7,1
5,4,6,10,20,9,28,10,26,-19,-16,-35,1.952983148,2.196507284,7.603317514,4.077950382,0.253933978,1.453624648,0.286942847,5.24E-10,0.536338299,1.66,35,14,49,6,27,15,14,21,12,-7,5,4.04801435,3.481514214,3.611450716,1.707991101,1.08022272,0.223471314,0.011678567,0.437928867,3.6,2.03,1,2,3,0,0,0,0,1.61809267,-10,-29,-39,-12,14,-5,-1,-12,-28,-40,-2.095031202,-1.28500693,-0.826288742,-0.254366454,0,-0.643343053,0.466499666,0.098409432,1.71,2
2.6,17,3,20,19,15,21,7,30,-6,-23,-29,1.789040644,1.913267263,9.950698496,4.791848936,0.93701692,2.076752898,0.471776463,0.000108909,0.481559052,2.625,23,12,35,7,21,15,16,20,6,-4,2,3.89929698,3.823439779,6.617754323,1.077660098,1.429272969,0.295230167,0.016572675,0.550622033,3.2,1.9,4,2,6,0,0,0,0,2.210574805,5,-20,-15,-5,5,-8,9,-2,-29,-31,-2.110256336,-1.910172516,-0.49225605,0.999092799,0,-2.067989318,-1.825905387,-0.069062981,1.79,1
2,7,4,11,10,4,4,3,6,0,-3,-3,2.693702105,2.576120854,9.800968192,5.55309312,0.693440512,0.843342336,0.017509705,0.005516564,0.566586179,3.75,1,5,6,17,3,9,4,4,-6,0,-6,2.24693996,2.361225993,3.542686208,0.59695104,1.17256448,0.019841095,0.002187491,0.582255408,3.2,2.1,3,3,6,0,0,0,0,1.398353365,2,3,5,0,0,-6,3,0,3,3,0.446762145,0.214894861,-0.479123968,0.246391296,0,3.716548608,2.010406912,-0.015669229,1.65,1
1.8,13,12,25,16,13,18,8,18,-5,-10,-15,2.655941976,2.575547402,10.87268417,5.070601765,0.44372313,0.798754557,0.529273483,0.000271921,0.466361543,4.5,14,6,20,19,20,25,6,24,-5,-18,-23,1.868161518,1.862495085,5.335526002,1.424488997,2.141086369,0.500671263,8.72E-06,0.502557316,3.4,2,2,0,2,0,0,0,0,3.955722612,7,-2,5,-11,12,-17,-2,13,-5,8,0.787780458,0.713052317,-1.697363239,-0.625734441,0,0.255932938,-0.264924237,-0.036195773,1.71,1
1.2,12,4,16,6,13,2,8,9,11,-1,10,3.629551984,3.251410247,13.24524288,5.624394752,1.919441408,1.20294912,0.015887507,0.016572675,0.424635079,18,5,3,8,18,4,6,2,7,-2,-5,-7,2.332259971,2.445168566,4.243252224,0.509937664,1.346043904,0.019772322,0.00644146,0.312543645,7.5,1.5,2,-3,-1,0,1,0,0,3.613001062,9,-1,8,6,0,2,5,16,1,17,1.297292012,0.806241682,0.573397504,0.693011456,0,-0.331268096,1.381142528,0.112091434,2.47,1
6.5,6,3,9,20,8,21,5,31,-13,-26,-39,0.808981045,0.830323409,8.450248493,4.403099379,0.72781395,1.607845165,0.295230167,2.98E-06,0.521061526,1.53,20,9,29,11,33,22,12,19,11,-7,4,3.744917811,3.422782571,7.096817826,1.51415743,1.18001637,0.410598721,0.002908843,0.683288234,4,1.79,-1,1,0,0,0,1,0,1.904916242,-3,-17,-20,-11,9,-17,-2,-6,-37,-43,-2.935936766,-2.592459161,-0.45220242,0.093687735,0,-1.936024046,-2.693718447,-0.162226708,1.96,2
1.36,22,24,46,3,26,11,25,16,15,9,24,4.796284955,4.691926564,14.82068918,8.084706131,2.113867812,1.53459812,0.055568494,0.135335283,0.545501362,9.5,10,11,21,19,17,27,12,20,-10,-8,-18,2.123476577,2.166956165,5.791999068,1.50232984,2.02008174,0.471776463,7.19E-05,0.5245174,5.5,1.49,7,-5,2,1,1,0,0,3.214667968,11,14,25,6,-1,-2,-1,23,19,42,2.672808379,2.524970398,0.093786072,0.03226828,0,3.778159284,2.292707063,0.020983962,2.52,1
2.4,16,14,30,19,16,27,28,35,-11,-7,-18,2.591055209,2.583792997,10.58815751,5.645314082,0.942545312,1.482239515,0.878095431,4.63E-07,0.533172469,2.75,31,11,42,14,30,18,11,32,12,-21,-9,3.516782748,3.082767493,5.736331916,1.26735066,0.965960138,0.964399164,0.000147011,0.550275099,3.4,1.95,1,-1,0,0,0,0,0,1.825570361,5,-17,-12,-16,16,10,5,10,-19,-9,-0.925727539,-0.498974496,-0.023414827,0.214888855,0,0.163677238,-0.091017835,-0.01710263,1.75,1
1.9,4,4,8,13,5,5,1,3,0,-2,-2,2.626530875,2.432551117,8.533824,3.503552,0.92192,0.803328,0.008160317,0.004966698,0.410548893,4,4,1,5,17,2,1,4,7,1,-3,-2,2.49458536,2.527707281,4.247424,0.763456,1.049472,0.008188701,0.00447164,0.528766403,3.25,2.06,4,1,5,1,0,0,0,0.244609712,3,0,3,-2,1,0,1,3,-3,0,0.131945515,-0.095156165,-0.127552,0.039872,0,0.50112,-0.743872,-0.11821751,1.68,1
5.5,17,4,21,19,16,19,7,30,-3,-23,-26,1.9989306,1.964292823,8.373430781,4.073796333,0.945123204,1.881367315,0.428068426,0.00132678,0.486514601,1.73,30,14,44,7,30,14,17,18,16,-1,15,3.002730448,2.72965807,4.1472,1.06176,0.5248,0.122643657,0.101266462,0.532631925,3.4,1.85,-2,3,1,0,0,0,0,1.851307848,3,-26,-23,-2,2,-7,0,-2,-39,-41,-1.003799848,-0.765365247,0.420323204,0.819607315,0,0.587190781,-0.073403667,-0.046117324,1.89,1
2.5,3,9,12,20,10,21,12,18,-11,-6,-17,1.876310996,1.97073503,11.63536874,7.520830495,1.058760249,1.886769594,0.124082879,0.000808767,0.646376635,2.8,15,12,27,7,12,11,11,11,1,0,1,3.318020026,3.402077111,7.610887061,1.25424648,1.906981625,0.075260071,0.031904762,0.545125564,3.4,1.69,5,4,9,0,0,0,0,1.667698445,-9,-6,-15,-1,10,1,6,-11,-7,-18,-1.44170903,-1.431342081,-0.848221377,0.632523114,0,-2.326344973,-0.090056565,0.101251071,2.1,2
6,3,1,4,7,1,0,2,5,1,-3,-2,2.493530319,2.547146064,4.072,2.192,0.448,0.92,0.002993686,0.003027555,0.538310413,1.57,1,6,7,10,1,1,4,1,0,3,3,2.908426516,2.633485303,4.576,0.816,0.288,0.003078009,0.002579912,0.54115421,3.6,2.07,-4,7,3,0,0,0,1,2.161983212,-3,0,-3,0,-4,1,4,-2,-3,-5,-0.414896197,-0.086339239,0.16,0.104,0,-4.384,-2.384,-0.002843797,1.68,2
1.8,4,7,11,19,3,8,10,8,-5,2,-3,2.637712767,2.639264736,10.64958099,5.141248082,0.967062036,1.598392259,0.033929439,0.006737947,0.482765292,5,12,1,13,16,10,9,3,10,1,-7,-6,2.690555871,2.457817583,4.138076508,1.066165985,1.292361585,0.034047455,0.009466462,0.593368666,3.4,1.93,1,0,1,0,0,0,0,0.736057856,3,-5,-2,-7,5,1,-2,2,1,3,-0.052843105,0.181447153,-0.325299548,0.532226273,0,3.675710034,1.003171574,-0.110603374,1.8,0
2.7,19,12,31,14,16,18,10,18,-2,-8,-10,2.970847105,2.729369177,14.19043222,3.891708832,1.099329888,0.991797971,0.686907557,0.000243596,0.274248788,2.62,22,15,37,10,21,21,18,18,0,0,0,3.493688875,3.340469789,3.354507613,0.986733548,0.967053067,0.54812605,0.001588445,0.341654826,3.2,2.3,2,9,11,0,0,0,0,2.041965408,4,-10,-6,-2,0,-11,-3,-2,-8,-10,-0.52284177,-0.611100612,0.132276821,0.005064423,0,4.372020896,0.537201219,-0.067406038,1.61,1
1.75,24,16,40,16,25,23,23,36,2,-13,-11,3.378656234,3.345764628,13.10606892,7.195136026,0.8367085,1.154120717,0.996533799,6.11E-06,0.548992689,5.25,28,13,41,13,21,22,12,22,-1,-10,-11,2.269945041,2.200285739,4.144145194,0.873924995,1.212642319,0.969233234,1.60E-05,0.440688601,3.8,2.11,-1,1,0,0,0,0,0,2.225344964,11,-12,-1,3,11,1,15,12,-12,0,1.108711193,1.145478889,-0.375933818,0.280195723,0,3.702274085,3.050990832,0.108304088,1.71,0
7,14,10,24,19,12,17,10,20,-5,-10,-15,2.256251983,2.406654427,10.08521946,3.026982459,0.544289346,1.417194869,0.704590223,1.12E-06,0.300140465,1.5,33,24,57,7,31,15,32,25,16,7,23,4.996035204,4.875139173,4.518207168,1.636876281,1.655750297,0.113041531,0.09208898,0.339754044,4,1.71,-1,4,3,0,0,0,1,0,-10,-23,-33,-13,-15,-5,-11,-12,-26,-38,-2.739783222,-2.468484746,-1.111460951,-0.219681411,0,-3.213245251,-1.491224708,-0.039613579,2.12,2
1.44,23,19,42,8,19,12,17,21,7,-4,3,3.933489432,3.982271009,13.10522927,8.113087254,1.06174209,1.596595415,0.422927058,0.006839778,0.619072516,7.5,16,18,34,15,17,21,17,22,-4,-5,-9,2.777035079,2.795489973,5.280912552,0.966916985,1.601685541,0.765821967,8.07E-05,0.557471079,4.33,1.75,4,-8,-4,0,0,0,0,1.416843863,5,3,8,-3,-5,-4,4,12,0,12,1.156454354,1.186781036,-0.539943451,0.62967843,0,3.632248957,2.832174702,0.061601437,2.05,0
1.7,20,16,36,15,29,24,18,27,5,-9,-4,3.174840744,2.952332603,11.84120199,3.693200398,1.369674407,1.296402861,0.976801108,6.13E-05,0.311894046,6,18,17,35,15,19,28,17,25,-9,-8,-17,2.749769829,2.910236775,3.109968435,0.800857258,1.996597552,0.950041131,3.93E-05,0.311224273,3.75,2.05,3,-2,1,1,0,0,0,2.226136052,3,-2,1,4,7,-10,8,13,0,13,0.425070914,0.042095828,-0.626923145,0.495545603,0,1.84850957,0.583231963,0.000669773,1.76,1
2.25,0,0,0,19,1,3,2,5,-2,-3,-5,2.189423868,2.392032593,5.504,2.872,0.488,1.304,0.003078009,0.002579912,0.521802326,3,3,1,4,18,2,2,0,0,0,0,0,2.626133411,2.514236028,3.016,0.36,0.32,0.003088715,0.002725782,0.630434783,3.2,2.04,0,0,0,1,0,0,0,2.65885787,-1,-3,-4,1,3,0,3,-2,-3,-5,-0.436709543,-0.122203435,0.168,0.944,0,0.72,-0.144,-0.108632457,1.69,1
3.2,25,11,36,16,17,18,19,39,-1,-20,-21,2.333768244,2.485348693,10.64267941,4.566425616,0.819468121,1.871311,0.991563566,6.08E-06,0.42906729,2.2,45,22,67,3,37,5,18,19,32,-1,31,4.753521899,4.266707432,6.162587685,1.466674245,0.660266,0.02842303,0.196911675,0.460027482,3.25,2.05,-3,8,5,0,0,0,1,3.365743743,3,-34,-31,-2,0,14,2,0,-52,-52,-2.419753655,-1.78135874,0.15920212,0.404636756,0,-2.753449997,-1.59616207,-0.030960192,1.69,1
6,23,14,37,16,16,24,12,33,-8,-21,-29,2.380663607,2.184960038,7.905146754,2.475804904,0.561090362,1.013148385,1,4.96E-08,0.313188987,1.6,47,13,60,6,54,20,19,31,34,-12,22,4.88509666,4.853683745,6.366455569,2.349148341,1.559587305,0.135335283,0.003088715,0.443172892,4.33,1.5,-2,2,0,0,0,1,0,2.676030617,10,-33,-23,-15,5,-8,-21,4,-55,-51,-2.504433053,-2.668723707,-0.998496943,-1.335999956,0,-6.460478224,-3.890650665,-0.129983905,2.55,2
2,25,12,37,12,26,19,15,35,7,-20,-13,3.072965136,3.073593922,9.249491353,3.681797924,1.104750384,1.710780301,0.690734331,0.000833397,0.398054097,3.75,22,12,34,15,19,20,10,18,-1,-8,-9,3.195531549,2.822601651,4.513367066,1.479463911,1.193438377,0.758623251,0.000262568,0.297865897,3.3,1.9,-1,-1,-2,0,0,0,0,4.245810742,13,-10,3,8,9,-5,16,15,-19,-4,-0.122566413,0.250992271,-0.088687993,0.231316391,0,-5.902854425,-0.831569142,0.1001882,1.9,0
3.1,13,15,28,3,13,11,15,9,2,6,8,3.881335823,3.310492325,14.47477598,5.296030534,2.128372678,1.151500986,0.025700367,0.05585479,0.365879965,2.4,14,13,27,4,9,1,10,8,8,2,10,4.007971898,3.517062632,3.732290524,1.407306126,0.567735603,0.02842303,0.051818917,0.384888102,3.5,2.02,-2,5,3,0,0,1,1,1.425082296,0,1,1,5,1,14,0,0,-2,-2,-0.126636075,-0.206570307,1.560637075,-0.25580514,0,4.777696481,1.56374001,-0.019008137,1.78,0
2,17,13,30,13,13,15,16,23,-2,-7,-9,2.666134676,2.507309721,7.596544,4.336128,0.9888,1.288256,0.529273483,0.003263353,0.570802723,4,18,10,28,15,19,20,14,22,-1,-8,-9,3.015926369,2.896701686,4.842416672,1.207352363,1.536750211,0.538542486,0.001194533,0.540771849,3.3,1.97,5,4,9,0,0,0,0,1.667698445,7,-5,2,-9,1,-4,4,6,-6,0,-0.349791693,-0.389391965,-0.547950211,0.080903637,0,-1.358094975,-0.506288672,0.030030874,1.78,1
2.38,4,3,7,5,2,1,2,3,1,-1,0,2.724594461,2.664198892,6.6624,1.6624,0.5904,0.76,0.00381048,0.004232341,0.249519693,3.4,3,0,3,20,2,0,2,10,2,-8,-6,2.284873534,2.323466472,2.2064,0.656,1.2736,0.004184994,0.002618902,0.274100576,3.25,2.2,-1,2,1,0,0,0,0,2.228970144,4,0,4,-8,-1,2,1,9,-3,6,0.439720927,0.34073242,-0.6832,0.104,0,-1.3872,-0.544,-0.024580884,1.68,0
3.75,10,3,13,17,9,8,4,10,1,-6,-5,2.633678642,2.566591428,11.36492755,5.531154121,1.10242021,1.475562775,0.043936934,0.014264234,0.486686263,2.1,11,5,16,13,9,6,4,9,3,-5,-2,2.920752061,2.632837779,5.628110647,1.151103095,0.909603099,0.042585136,0.018873433,0.5272515,3.25,2.15,0,6,6,0,0,1,0,0.90135785,5,-8,-3,0,4,-2,1,6,-9,-3,-0.287073419,-0.066246351,0.192817111,0.32445968,0,0.690494861,-0.096956527,-0.040565237,1.67,1
1.29,17,10,27,8,24,11,10,14,13,-4,9,3.755014003,3.685173974,11.15411046,6.400581242,1.205559622,1.339929607,0.10805241,0.070651213,0.573831617,11,11,8,19,18,9,12,8,19,-3,-11,-14,2.449152192,2.285578662,5.970640413,1.016781095,1.459406851,0.164474457,0.007226503,0.726604666,5.5,1.63,2,-3,-1,1,1,0,0,1.181660897,9,-1,8,5,3,-2,5,24,-1,23,1.305861811,1.399595312,-0.253847229,0.323148511,0,2.936931719,0.42994083,-0.152773049,2.18,1
2.3,19,7,26,11,14,6,6,11,8,-5,3,3.643078237,3.120357625,11.51220197,5.84003104,1.573001754,0.874569964,0.108368023,0.065874754,0.50729053,2.7,21,8,29,6,16,6,11,18,10,-7,3,3.842393727,3.484934955,8.904410718,1.513999231,1.311865725,0.075260071,0.10592754,0.631626329,3.2,1.8,3,5,8,0,0,0,1,4.076248443,11,-14,-3,-4,-5,0,-5,15,-15,0,-0.19931549,-0.364577331,0.26113603,-0.639429267,0,-2.585390721,-3.064379678,-0.124335799,1.8,0
1.33,41,30,71,3,34,11,30,18,23,12,35,3.873042158,3.74495095,13.29577751,7.637618613,1.385962858,1.290617437,0.00369581,0.798516219,0.574439412,10,26,6,32,16,19,24,18,39,-5,-21,-26,2.298297765,2.355669984,3.611624992,0.612342864,1.539863879,0.952683802,3.83E-05,0.437924804,5,1.65,3,-3,0,0,1,0,0,0.884193384,35,4,39,-5,-7,6,-1,44,17,61,1.574744393,1.389280966,-0.153901021,0.678274573,0,5.048642485,4.025993621,0.136514608,2.16,1
5,18,10,28,18,21,30,15,33,-9,-18,-27,2.140138375,2.117163503,11.69138303,3.553388323,1.01015801,1.613863735,0.782704538,0.000115643,0.303932248,1.73,41,24,65,2,35,8,25,14,27,11,38,5,4.915585044,6.446700762,2.311542184,0.804550993,0.022358347,0.4747343,0.389804125,4,1.82,-5,6,1,0,0,1,1,3.869462206,-6,-31,-37,7,5,7,-2,-20,-45,-65,-2.859861625,-2.798421542,0.205607018,-0.697678448,0,-4.846925186,-2.893312439,-0.085871877,1.98,2
2.37,15,8,23,10,10,12,8,20,-2,-12,-14,2.450729251,2.396153824,11.7456285,4.606087915,1.260672989,1.577888316,0.223006233,0.001017914,0.39215338,3.5,17,16,33,7,7,6,11,11,1,0,1,3.606347944,3.481751603,3.211670835,0.855160743,1.126099304,0.119366635,0.016739234,0.407183552,3.1,2.72,-1,0,-1,0,0,0,0,0.481272111,-1,-9,-10,-1,1,2,13,-2,-13,-15,-1.155618693,-1.085597779,0.134573685,0.722727573,0,3.858102534,1.39441708,-0.015030172,1.45,0
2.88,5,4,9,11,4,3,4,4,1,0,1,2.645096377,2.602812853,10.4639616,3.9111296,0.827712,0.725312,0.010955771,0.008695062,0.373771402,2.5,7,4,11,11,5,3,3,3,2,0,2,2.921060918,2.688824282,7.9999744,1.017472,0.737856,0.010955771,0.008695062,0.600886238,3.25,2.03,0,6,6,0,0,0,1,0.201875195,1,-3,-2,1,0,1,-1,1,-2,-1,-0.275964541,-0.086011428,0.089856,-0.29216,0,-2.849664,-4.0888448,-0.227114836,1.76,2
1.4,17,18,35,3,16,11,16,11,5,5,10,4.329052452,3.905419094,10.7891951,5.990231681,1.769505508,1.140514468,0.090604627,0.174644989,0.55520654,9,11,4,15,20,11,16,3,19,-5,-16,-21,1.877573094,2.041484615,5.360302417,0.657421737,1.985107475,0.187204148,0.011108997,0.475619974,4.33,1.71,3,0,3,1,0,0,0,0.079167,13,7,20,-3,8,0,0,21,10,31,2.451479358,1.86393448,-0.215601967,0.483092731,0,-0.48094222,0.629929264,0.079586566,2.05,1
2.25,16,12,28,16,15,20,16,20,-5,-4,-9,2.899463438,2.618767213,8.457873852,4.611296712,1.670341783,1.450999726,0.3623521,0.00185476,0.545207554,3.1,24,7,31,9,19,7,8,22,12,-14,-2,3.276246623,3.239255618,6.012693306,1.019410803,1.408539659,0.303545967,0.004771951,0.506528603,3.2,2,3,5,8,0,0,0,0,1.958380279,9,-12,-3,-7,12,9,1,9,-16,-7,-0.376783185,-0.620488405,0.261802124,0.431588923,0,-3.4125186,-1.401396594,0.038678951,1.71,0
2,18,8,26,19,15,14,18,40,1,-22,-21,2.316023952,2.502837838,10.47589025,4.952831207,0.688149161,2.176509138,0.870324726,2.38E-07,0.472783801,3.75,17,6,23,20,25,31,7,32,-6,-25,-31,1.648784137,1.615314063,4.047572128,1.199661244,2.078840945,0.744428187,7.34E-09,0.558305707,3.2,2.05,1,0,1,0,0,0,0,1.855126124,12,-9,3,-17,7,-13,15,26,-16,10,0.667239815,0.887523775,-1.390691784,0.976847894,0,3.226148611,0.905259078,-0.085521906,1.65,0
2.63,14,10,24,8,12,12,11,12,0,-1,-1,3.194688826,3.04213251,12.55573725,6.923192693,1.139379875,1.124167942,0.181444482,0.074273578,0.551396748,2.75,10,12,22,14,10,12,11,10,-2,1,-1,3.025769415,2.898157303,6.254042665,1.132652838,1.200179036,0.195169105,0.046653842,0.50184161,3.2,2.24,-1,3,2,0,0,0,0,0.910174457,2,0,2,2,1,-1,2,-1,1,0,0.168919411,0.143975206,-0.060799161,-0.008484896,0,0.09355289,0.669150027,0.049555138,1.62,1
1.53,30,23,53,6,27,10,15,12,17,3,20,4.934351468,4.88471275,14.78086626,3.54500367,0.806328924,0.665201489,0.066453688,0.196911675,0.239837342,7.5,16,12,28,16,17,20,12,23,-3,-11,-14,2.413878724,2.511429388,4.043843378,0.983884913,1.655946788,0.823749427,0.00012341,0.336295339,4.2,2.21,2,-1,1,0,0,1,0,3.019004728,18,7,25,4,-2,-5,-5,28,6,34,2.520472744,2.373283362,-0.849617864,-0.318683424,0,2.756187611,-0.498839709,-0.096457997,1.66,1
1.67,28,16,44,7,27,10,17,20,17,-3,14,4.551614602,4.208918095,12.51085639,5.569943003,2.046903108,1.208165199,0.173171608,0.099758801,0.445208771,6,26,14,40,8,24,17,12,17,7,-5,2,3.706253601,3.550879572,2.992237418,1.234956231,1.347166571,0.196911675,0.043066924,0.269885458,3.8,2.02,4,-2,2,0,0,0,0,1.367256102,14,-10,4,10,-2,0,-4,22,-10,12,0.845361001,0.658038524,0.699736537,-0.026791032,0,1.42379213,2.577705585,0.175323313,1.79,1
2.4,11,1,12,20,12,13,5,17,-1,-12,-13,2.114127426,2.231287296,11.41759188,6.826866612,1.103011591,2.150473558,0.106858473,0.014920786,0.597925261,3,13,5,18,15,8,6,9,13,2,-4,-2,2.831717828,2.66408759,4.271422478,0.971188549,0.954027637,0.108729853,0.035793105,0.506497314,3.25,2.13,0,1,1,0,0,0,0,0.286038589,6,-12,-6,-1,4,-1,9,3,-14,-11,-0.717590402,-0.432800295,0.148983954,1.17928501,0,2.984333983,2.555444135,0.091427947,1.68,1
2.63,2,0,2,15,0,0,0,5,0,-5,-5,2.223714049,2.36313481,6.7552,3.24,0,0.6096,0.004302874,0.003379593,0.479630507,2.75,0,3,3,20,1,3,2,2,-2,0,-2,2.459064196,2.433124839,4.2512,0.4304,0.6208,0.004258285,0.002101718,0.562209056,3.2,2.13,5,1,6,0,0,0,0,2.153440175,-1,0,-1,-2,-2,-3,4,0,-3,-3,-0.235350148,-0.06999003,-0.6208,0.1792,0,-0.8064,-1.0112,-0.082578549,1.68,1
2.5,1,3,4,20,3,6,2,4,-3,-2,-5,2.30244552,2.260822402,5.7266176,3.5714304,0.6943488,0.9050624,0.01050866,0.001503439,0.623654424,2.75,7,5,12,8,8,3,3,2,5,1,6,3.095446406,2.887818462,2.7248,1.1048064,0.5442688,0.009803655,0.006737947,0.388516165,3.2,2.07,0,7,7,0,0,0,0,3.671399731,-4,-4,-8,1,3,-1,-4,-4,-7,-11,-0.793000886,-0.62699606,0.15008,-0.199744,0,-1.2867328,0.8466304,0.235138259,1.67,0
1.91,19,23,42,3,24,10,21,11,14,10,24,4.88226621,4.51941851,16.63415855,9.884191663,2.22239807,0.950386952,0.060473166,0.121845674,0.5942105,4,17,17,34,6,25,15,16,11,10,5,15,4.098621616,3.952278709,7.738289462,1.835090442,1.560888029,0.164383107,0.035793105,0.638298741,3.6,1.66,7,1,8,1,1,0,1,0.110381062,2,6,8,13,-6,6,-14,9,0,9,0.783644594,0.567139801,0.661510041,-0.884703489,1,4.510854901,2.145902201,-0.044088242,2.18,1
